name,rank,role,status,quals,notes,dutyStart,arrived,deros,section,position

"Bennett, Jules",Maj,21M Munitions Officer,Commander,available,None,None,2024-01-18,2023-12-12,2026-12-24
"Jenkins, Rowan",1Lt,21M Munitions Officer,Mx Director of Operations,available,None,None,2024-02-04,2023-11-22,2026-12-17
"Diaz, Dylan",CMSgt,2W091 Muns Supv,Senior Enlisted Leader,available,None,None,2024-02-21,2023-11-02,2026-12-10
"Watson, Robin",MSgt,8F000 First Sergeant,First Sergeant,available,None,None,2024-03-09,2023-10-13,2026-12-03
"Bennett, Riley",Amn,3F0X1 Personnel,Command Support Section,available,None,None,2024-03-26,2023-09-23,2026-11-26
"Jackson, Kelly",TSgt,3F0X1 Personnel,Command Support Section,available,None,None,2024-04-12,2023-09-03,2026-11-19
"Bennett, Payton",Capt,3F0X1 Personnel,Command Support Section,available,None,None,2024-04-29,2023-08-14,2026-11-12
"Thomas, Terry",SSgt,6F0X1 Financial Mgmt,Resource Advisor,available,None,None,2024-05-16,2023-07-25,2026-11-05
"Richardson, Blake",TSgt,6F0X1 Financial Mgmt,Resource Advisor,available,None,None,2024-06-02,2023-07-05,2026-10-29
"Adams, Kris",SSgt,2W2X1 Nuclear Wpns,PRP / Security,available,PRP Certified|Nuclear Certified,None,2024-06-19,2023-06-15,2026-10-22
"Price, Noah",TSgt,2W2X1 Nuclear Wpns,PRP / Security,available,PRP Certified|Nuclear Certified,None,2024-07-06,2023-05-26,2026-10-15
"Garcia, Parker",SMSgt,21M Munitions Officer,Special Weapons Flight,available,PRP Certified|Nuclear Certified,None,2024-07-23,2023-05-06,2026-10-08
"Diaz, Riley",1Lt,21M Munitions Officer,Special Weapons Flight,available,PRP Certified|Nuclear Certified,None,2024-08-09,2023-04-16,2026-10-01
"Davis, Elliot",SrA,2W2X1 Nuclear Wpns,NARS,available,PRP Certified|Nuclear Certified|NARS Certified,None,2024-08-26,2023-03-27,2026-09-24
"Williams, Emerson",SSgt,2W2X1 Nuclear Wpns,NARS,available,PRP Certified|Nuclear Certified|NARS Certified|Vault Certified,None,2024-09-12,2023-03-07,2026-09-17
"Rivera, Marley",Amn,2W2X1 Nuclear Wpns,Weapons Mx,available,PRP Certified|Nuclear Certified|NARS Certified,None,2024-09-29,2023-02-15,2026-09-10
"Nelson, Riley",Amn,2W2X1 Nuclear Wpns,Weapons Mx,available,PRP Certified|Nuclear Certified,None,2024-10-16,2023-01-26,2026-09-03
"Young, Kai",SrA,2W2X1 Nuclear Wpns,Weapons Mx,available,PRP Certified|Nuclear Certified|NARS Certified|Vault Certified,None,2024-11-02,2023-01-06,2026-08-27
"Walker, Skyler",SrA,2W2X1 Nuclear Wpns,Weapons Mx,available,PRP Certified|Nuclear Certified,None,2024-11-19,2022-12-17,2026-08-20
"Brown, Corey",Amn,2W2X1 Nuclear Wpns,Weapons Mx,available,PRP Certified|Nuclear Certified|NARS Certified,None,2024-12-06,2022-11-27,2026-08-13
"Lee, Riley",A1C,2W2X1 Nuclear Wpns,Weapons Mx,available,PRP Certified|Nuclear Certified|Vault Certified,None,2024-12-23,2022-11-07,2026-08-06
"Davis, Sawyer",SSgt,2W2X1 Nuclear Wpns,Weapons Mx,available,PRP Certified|Nuclear Certified|NARS Certified,None,2025-01-09,2022-10-18,2026-07-30
"Rivera, Adrian",SSgt,2W2X1 Nuclear Wpns,Weapons Mx,available,PRP Certified|Nuclear Certified,None,2025-01-26,2022-09-28,2026-07-23
"Gonzalez, Reagan",SSgt,2W2X1 Nuclear Wpns,Weapons Mx,available,PRP Certified|Nuclear Certified|NARS Certified|Vault Certified,None,2025-02-12,2022-09-08,2026-07-16
"Henderson, Corey",SSgt,2W2X1 Nuclear Wpns,Weapons Mx,available,PRP Certified|Nuclear Certified,None,2025-03-01,2025-02-04,2028-12-25
"Collins, Devon",SSgt,2W2X1 Nuclear Wpns,Weapons Mx,available,PRP Certified|Nuclear Certified|NARS Certified,None,2025-03-18,2025-01-15,2028-12-18
"Taylor, Hunter",SSgt,2W2X1 Nuclear Wpns,Weapons Mx,available,PRP Certified|Nuclear Certified|Vault Certified,None,2025-04-04,2024-12-26,2028-12-11
"Gonzalez, Chris",SSgt,2W2X1 Nuclear Wpns,Weapons Mx,available,PRP Certified|Nuclear Certified|NARS Certified,None,2025-04-21,2024-12-06,2028-12-04
"Kelly, Zion",SSgt,2W2X1 Nuclear Wpns,Weapons Mx,available,PRP Certified|Nuclear Certified,None,2025-05-08,2024-11-16,2027-11-28
"Martin, Phoenix",TSgt,2W2X1 Nuclear Wpns,Weapons Mx,available,PRP Certified|Nuclear Certified|NARS Certified|Vault Certified,None,2025-05-25,2024-10-27,2027-11-21
"Jackson, Oakley",TSgt,2W2X1 Nuclear Wpns,Weapons Mx,available,PRP Certified|Nuclear Certified,None,2025-06-11,2024-10-07,2027-11-14
"Lopez, Kendall",MSgt,2W2X1 Nuclear Wpns,Weapons Mx,available,PRP Certified|Nuclear Certified|NARS Certified,None,2025-06-28,2024-09-17,2027-11-07
"Clark, Parker",SrA,2W2X1 Nuclear Wpns,Vault Mx,available,PRP Certified|Nuclear Certified|Vault Certified,None,2025-07-15,2024-08-28,2027-10-31
"Hill, Bailey",SrA,2W2X1 Nuclear Wpns,Vault Mx,available,PRP Certified|Nuclear Certified|NARS Certified|Vault Certified,None,2025-08-01,2024-08-08,2027-10-24
"Perez, Tatum",SrA,2W2X1 Nuclear Wpns,Vault Mx,available,PRP Certified|Nuclear Certified|Vault Certified,None,2025-08-18,2024-07-19,2027-10-17
"Ford, Emerson",SrA,2W2X1 Nuclear Wpns,Vault Mx,available,PRP Certified|Nuclear Certified|NARS Certified|Vault Certified,None,2025-09-04,2024-06-29,2027-10-10
"Jenkins, Jules",A1C,2W2X1 Nuclear Wpns,Vault Mx,available,PRP Certified|Nuclear Certified|Vault Certified,None,2025-09-21,2024-06-09,2027-10-03
"Washington, Robin",SSgt,2W2X1 Nuclear Wpns,Vault Mx,available,PRP Certified|Nuclear Certified|NARS Certified|Vault Certified,None,2025-10-08,2024-05-20,2027-09-26
"Morris, Rowan",SSgt,2W2X1 Nuclear Wpns,Vault Mx,available,PRP Certified|Nuclear Certified|Vault Certified,None,2025-10-25,2024-04-30,2027-09-19
"Scott, Jesse",SSgt,2W2X1 Nuclear Wpns,Vault Mx,available,PRP Certified|Nuclear Certified|NARS Certified|Vault Certified,None,2025-11-11,2024-04-10,2027-09-12
"Campbell, Sidney",SSgt,2W2X1 Nuclear Wpns,Vault Mx,available,PRP Certified|Nuclear Certified|Vault Certified,None,2025-11-28,2024-03-21,2027-09-05
"Garcia, Adrian",SSgt,2W2X1 Nuclear Wpns,Vault Mx,available,PRP Certified|Nuclear Certified|NARS Certified|Vault Certified,None,2025-12-15,2024-03-01,2027-08-29
"Price, Devon",SSgt,2W2X1 Nuclear Wpns,Vault Mx,available,PRP Certified|Nuclear Certified|Vault Certified,None,2026-01-01,2024-02-10,2027-08-22
"Parker, Sawyer",TSgt,2W2X1 Nuclear Wpns,Vault Mx,available,PRP Certified|Nuclear Certified|NARS Certified|Vault Certified,None,2026-01-18,2024-01-21,2027-08-15
"Stewart, Emerson",MSgt,2W2X1 Nuclear Wpns,Vault Mx,available,PRP Certified|Nuclear Certified|Vault Certified,None,2026-02-04,2024-01-01,2027-08-08
"Edwards, Dylan",SMSgt,2W1X1 Armament Sys,Armament Flight,available,None,None,2026-02-21,2023-12-12,2027-08-01
"Mitchell, Avery",SrA,2W1X1 Armament Sys,Weapon System Mx,available,None,None,2026-03-10,2023-11-22,2027-07-25
"Ramirez, Quinn",SrA,2W1X1 Armament Sys,Weapon System Mx,available,Load Crew Certified,None,2024-01-17,2021-08-24,2025-05-09
"Adams, Hunter",SrA,2W1X1 Armament Sys,Weapon System Mx,available,None,None,2024-02-03,2024-01-21,2027-10-19
"Sanchez, Kris",SrA,2W1X1 Armament Sys,Weapon System Mx,available,None,None,2024-02-20,2024-01-01,2027-10-12
"Sanchez, Winter",A1C,2W1X1 Armament Sys,Weapon System Mx,available,None,None,2024-03-08,2023-12-12,2027-10-05
"Young, Logan",Amn,2W1X1 Armament Sys,Weapon System Mx,available,Load Crew Certified,None,2024-03-25,2023-11-22,2027-09-28
"Garcia, Reagan",A1C,2W1X1 Armament Sys,Weapon System Mx,available,None,None,2024-04-11,2023-11-02,2027-09-21
"Thomas, Lee",A1C,2W1X1 Armament Sys,Weapon System Mx,available,Inspector,None,2024-04-28,2023-10-13,2027-09-14
"White, Micah",Amn,2W1X1 Armament Sys,Weapon System Mx,available,None,None,2024-05-15,2023-09-23,2027-09-07
"Baker, Avery",SrA,2W1X1 Armament Sys,Weapon System Mx,available,Load Crew Certified,None,2024-06-01,2023-09-03,2027-08-31
"Long, Hayden",SrA,2W1X1 Armament Sys,Weapon System Mx,available,None,None,2024-06-18,2023-08-14,2026-08-24
"James, Tatum",Amn,2W1X1 Armament Sys,Weapon System Mx,available,None,None,2024-07-05,2023-07-25,2026-08-17
"Cooper, Hunter",Amn,2W1X1 Armament Sys,Weapon System Mx,available,None,None,2024-07-22,2023-07-05,2026-08-10
"Clark, Kris",SrA,2W1X1 Armament Sys,Weapon System Mx,available,Load Crew Certified,None,2024-08-08,2023-06-15,2026-08-03
"Fisher, Corey",A1C,2W1X1 Armament Sys,Weapon System Mx,available,None,None,2024-08-25,2023-05-26,2026-07-27
"Thompson, Quinn",SSgt,2W1X1 Armament Sys,Weapon System Mx,available,None,None,2024-09-11,2023-05-06,2026-07-20
"Stewart, Sidney",SSgt,2W1X1 Armament Sys,Weapon System Mx,available,Inspector,None,2024-09-28,2023-04-16,2026-07-13
"Hill, Zion",SSgt,2W1X1 Armament Sys,Weapon System Mx,available,Load Crew Certified,None,2024-10-15,2023-03-27,2026-07-06
"Long, Kendall",SSgt,2W1X1 Armament Sys,Weapon System Mx,available,None,None,2024-11-01,2023-03-07,2026-06-29
"Reed, Val",SSgt,2W1X1 Armament Sys,Weapon System Mx,available,None,None,2024-11-18,2023-02-15,2026-06-22
"Evans, Hayden",SSgt,2W1X1 Armament Sys,Weapon System Mx,available,None,None,2024-12-05,2023-01-26,2026-06-15
"Clark, Noah",TSgt,2W1X1 Armament Sys,Weapon System Mx,available,Load Crew Certified,None,2024-12-22,2023-01-06,2026-06-08
"Watson, Payton",TSgt,2W1X1 Armament Sys,Weapon System Mx,available,None,None,2025-01-08,2022-12-17,2026-06-01
"Watson, Rowan",TSgt,2W1X1 Armament Sys,Weapon System Mx,available,None,None,2025-01-25,2022-11-27,2026-05-25
"Collins, Gray",TSgt,2W1X1 Armament Sys,Weapon System Mx,available,None,None,2025-02-11,2022-11-07,2026-05-18
"Jackson, Casey",MSgt,2W1X1 Armament Sys,Weapon System Mx,available,Load Crew Certified|Inspector,None,2025-02-28,2022-10-18,2026-05-11
"Miller, Casey",SMSgt,2W0X1 Muns Systems,Production Flight,available,None,None,2025-03-17,2025-03-16,2028-10-20
"Kennedy, Corey",A1C,2W0X1 Muns Systems,Conventional Mx,available,None,None,2025-04-03,2025-02-24,2028-10-13
"Hill, Marley",SrA,2W0X1 Muns Systems,Conventional Mx,available,Crew Chief,None,2025-04-20,2025-02-04,2028-10-06
"Walker, Sage",A1C,2W0X1 Muns Systems,Conventional Mx,available,None,None,2025-05-07,2025-01-15,2028-09-29
"Jenkins, Mason",SrA,2W0X1 Muns Systems,Conventional Mx,available,Controller,None,2025-05-24,2024-12-26,2028-09-22
"Phillips, Skyler",SrA,2W0X1 Muns Systems,Conventional Mx,available,None,None,2025-06-10,2024-12-06,2028-09-15
"Davis, Corey",Amn,2W0X1 Muns Systems,Conventional Mx,available,None,None,2025-06-27,2024-11-16,2028-09-08
"Morgan, Robin",SrA,2W0X1 Muns Systems,Conventional Mx,available,Crew Chief,None,2025-07-14,2024-10-27,2028-09-01
"Roberts, Sidney",SrA,2W0X1 Muns Systems,Conventional Mx,available,None,None,2025-07-31,2024-10-07,2028-08-25
"Davis, Morgan",Amn,2W0X1 Muns Systems,Conventional Mx,available,None,None,2025-08-17,2024-09-17,2028-08-18
"Mitchell, Nico",SrA,2W0X1 Muns Systems,Conventional Mx,available,None,None,2025-09-03,2024-08-28,2028-08-11
"Jenkins, Skyler",Amn,2W0X1 Muns Systems,Conventional Mx,available,None,None,2025-09-20,2024-08-08,2028-08-04
"Taylor, Shawn",A1C,2W0X1 Muns Systems,Conventional Mx,available,Crew Chief|Inspector,None,2025-10-07,2024-07-19,2027-07-29
"Price, Reese",A1C,2W0X1 Muns Systems,Conventional Mx,available,None,None,2025-10-24,2024-06-29,2027-07-22
"Roberts, Hayden",SrA,2W0X1 Muns Systems,Conventional Mx,available,None,None,2025-11-10,2024-06-09,2027-07-15
"Reed, Nico",Amn,2W0X1 Muns Systems,Conventional Mx,available,Controller,None,2025-11-27,2024-05-20,2027-07-08
"Campbell, Bailey",Amn,2W0X1 Muns Systems,Conventional Mx,available,None,None,2025-12-14,2024-04-30,2027-07-01
"Cruz, Zion",Amn,2W0X1 Muns Systems,Conventional Mx,available,Crew Chief,None,2025-12-31,2024-04-10,2027-06-24
"Gray, Terry",A1C,2W0X1 Muns Systems,Conventional Mx,available,None,None,2026-01-17,2024-03-21,2027-06-17
"Rogers, Parker",SrA,2W0X1 Muns Systems,Conventional Mx,available,None,None,2026-02-03,2024-03-01,2027-06-10
"Carter, Quinn",SrA,2W0X1 Muns Systems,Conventional Mx,available,None,None,2026-02-20,2024-02-10,2027-06-03
"Adams, Sawyer",SrA,2W0X1 Muns Systems,Conventional Mx,available,None,None,2026-03-09,2024-01-21,2027-05-27
"Rivera, Harper",SrA,2W0X1 Muns Systems,Conventional Mx,available,Crew Chief,None,2024-01-16,2021-10-23,2025-03-11
"Torres, Corey",SrA,2W0X1 Muns Systems,Conventional Mx,available,None,None,2024-02-02,2021-10-03,2025-03-04
"Garcia, Skyler",SrA,2W0X1 Muns Systems,Conventional Mx,available,None,None,2024-02-19,2021-09-13,2025-02-25
"Hill, Morgan",SrA,2W0X1 Muns Systems,Conventional Mx,available,None,None,2024-03-07,2024-02-10,2027-08-07
"Lopez, Morgan",Amn,2W0X1 Muns Systems,Conventional Mx,available,Controller,None,2024-03-24,2024-01-21,2027-07-31
"Washington, Dakota",Amn,2W0X1 Muns Systems,Conventional Mx,available,Crew Chief,None,2024-04-10,2024-01-01,2027-07-24
"Carter, Kelly",A1C,2W0X1 Muns Systems,Conventional Mx,available,None,None,2024-04-27,2023-12-12,2027-07-17
"Hall, Casey",Amn,2W0X1 Muns Systems,Conventional Mx,available,Inspector,None,2024-05-14,2023-11-22,2027-07-10
"James, Kendall",Amn,2W0X1 Muns Systems,Conventional Mx,available,None,None,2024-05-31,2023-11-02,2027-07-03
"Turner, Hayden",Amn,2W0X1 Muns Systems,Conventional Mx,available,None,None,2024-06-17,2023-10-13,2027-06-26
"Wright, Riley",Amn,2W0X1 Muns Systems,Conventional Mx,available,Crew Chief,None,2024-07-04,2023-09-23,2027-06-19
"Washington, Sage",SrA,2W0X1 Muns Systems,Conventional Mx,available,None,None,2024-07-21,2023-09-03,2027-06-12
"Jones, Parker",SrA,2W0X1 Muns Systems,Conventional Mx,available,None,None,2024-08-07,2023-08-14,2027-06-05
"James, Emerson",SrA,2W0X1 Muns Systems,Conventional Mx,available,None,None,2024-08-24,2023-07-25,2027-05-29
"Lewis, Chris",SSgt,2W0X1 Muns Systems,Conventional Mx,available,None,None,2024-09-10,2023-07-05,2027-05-22
"Collins, Alex",SSgt,2W0X1 Muns Systems,Conventional Mx,available,Crew Chief|Controller,None,2024-09-27,2023-06-15,2027-05-15
"Wright, Sage",SSgt,2W0X1 Muns Systems,Conventional Mx,available,None,None,2024-10-14,2023-05-26,2027-05-08
"Collins, Marley",SSgt,2W0X1 Muns Systems,Conventional Mx,available,None,None,2024-10-31,2023-05-06,2027-05-01
"Sanchez, Emerson",SSgt,2W0X1 Muns Systems,Conventional Mx,available,None,None,2024-11-17,2023-04-16,2026-04-24
"Moore, Tatum",SSgt,2W0X1 Muns Systems,Conventional Mx,available,None,None,2024-12-04,2023-03-27,2026-04-17
"Jenkins, Reagan",SSgt,2W0X1 Muns Systems,Conventional Mx,available,Crew Chief,None,2024-12-21,2023-03-07,2026-04-10
"Gonzalez, Shawn",SSgt,2W0X1 Muns Systems,Conventional Mx,available,None,None,2025-01-07,2023-02-15,2026-04-03
"Wilson, Nico",SSgt,2W0X1 Muns Systems,Conventional Mx,available,None,None,2025-01-24,2023-01-26,2026-03-27
"Thompson, Logan",SSgt,2W0X1 Muns Systems,Conventional Mx,available,None,None,2025-02-10,2023-01-06,2026-03-20
"Flores, Emerson",SSgt,2W0X1 Muns Systems,Conventional Mx,available,Inspector,None,2025-02-27,2022-12-17,2026-03-13
"Diaz, Jules",SSgt,2W0X1 Muns Systems,Conventional Mx,available,Crew Chief,None,2025-03-16,2022-11-27,2026-03-06
"Kelly, Harper",SSgt,2W0X1 Muns Systems,Conventional Mx,available,Controller,None,2025-04-02,2022-11-07,2026-02-27
"Mitchell, Parker",SSgt,2W0X1 Muns Systems,Conventional Mx,available,None,None,2025-04-19,2025-04-05,2028-08-08
"Sanchez, Jesse",SSgt,2W0X1 Muns Systems,Conventional Mx,available,None,None,2025-05-06,2025-03-16,2028-08-01
"Campbell, Riley",TSgt,2W0X1 Muns Systems,Conventional Mx,available,None,None,2025-05-23,2025-02-24,2028-07-25
"Kennedy, Taylor",TSgt,2W0X1 Muns Systems,Conventional Mx,available,Crew Chief,None,2025-06-09,2025-02-04,2028-07-18
"Miller, Lee",TSgt,2W0X1 Muns Systems,Conventional Mx,available,None,None,2025-06-26,2025-01-15,2028-07-11
"Jones, Quinn",TSgt,2W0X1 Muns Systems,Conventional Mx,available,None,None,2025-07-13,2024-12-26,2028-07-04
"Thompson, Gray",TSgt,2W0X1 Muns Systems,Conventional Mx,available,None,None,2025-07-30,2024-12-06,2028-06-27
"Torres, Alex",MSgt,2W0X1 Muns Systems,Conventional Mx,available,None,None,2025-08-16,2024-11-16,2028-06-20
"Collins, Tatum",Amn,2W0X1 Muns Systems,Precision Guided Missiles,available,Crew Chief,None,2025-09-02,2024-10-27,2028-06-13
"Thomas, Taylor",A1C,2W0X1 Muns Systems,Precision Guided Missiles,available,None,None,2025-09-19,2024-10-07,2028-06-06
"Washington, Payton",SrA,2W0X1 Muns Systems,Precision Guided Missiles,available,Controller,None,2025-10-06,2024-09-17,2028-05-30
"Ramirez, Drew",A1C,2W0X1 Muns Systems,Precision Guided Missiles,available,None,None,2025-10-23,2024-08-28,2028-05-23
"Long, Reagan",Amn,2W0X1 Muns Systems,Precision Guided Missiles,available,None,None,2025-11-09,2024-08-08,2028-05-16
"Morgan, Parker",Amn,2W0X1 Muns Systems,Precision Guided Missiles,available,Crew Chief,None,2025-11-26,2024-07-19,2028-
"Diaz, Elliot",A1C,2W0X1 Muns Systems,Precision Guided Missiles,available,Inspector,None,2025-12-13,2024-06-29,2028-05-02
"Wright, Jules",SrA,2W0X1 Muns Systems,Precision Guided Missiles,available,None,None,2025-12-30,2024-06-09,2028-04-25
"James, Sidney",A1C,2W0X1 Muns Systems,Precision Guided Missiles,available,None,None,2026-01-16,2024-05-20,2028-04-18
"Green, Tatum",A1C,2W0X1 Muns Systems,Precision Guided Missiles,available,None,None,2026-02-02,2024-04-30,2028-04-11
"Bennett, Reese",SrA,2W0X1 Muns Systems,Precision Guided Missiles,available,Crew Chief,None,2026-02-19,2024-04-10,2028-04-04
"Phillips, Nico",SrA,2W0X1 Muns Systems,Precision Guided Missiles,available,None,None,2026-03-08,2024-03-21,2027-03-29
"Kelly, Quinn",A1C,2W0X1 Muns Systems,Precision Guided Missiles,available,None,None,2024-01-15,2021-12-22,2025-01-11
"Nelson, Sidney",Amn,2W0X1 Muns Systems,Precision Guided Missiles,available,Controller,None,2024-02-01,2021-12-02,2025-01-04
"Robinson, Rowan",Amn,2W0X1 Muns Systems,Precision Guided Missiles,available,None,None,2024-02-18,2021-11-12,2024-12-28
"Rivera, Elliot",SSgt,2W0X1 Muns Systems,Precision Guided Missiles,available,Crew Chief,None,2024-03-06,2021-10-23,2024-12-21
"Jackson, Rowan",SSgt,2W0X1 Muns Systems,Precision Guided Missiles,available,None,None,2024-03-23,2024-03-21,2027-06-02
"Harris, Kendall",SSgt,2W0X1 Muns Systems,Precision Guided Missiles,available,None,None,2024-04-09,2024-03-01,2027-05-26
"Kennedy, Sidney",SSgt,2W0X1 Muns Systems,Precision Guided Missiles,available,None,None,2024-04-26,2024-02-10,2027-05-19
"Kennedy, Elliot",SSgt,2W0X1 Muns Systems,Precision Guided Missiles,available,None,None,2024-05-13,2024-01-21,2027-05-12
"Taylor, Noah",SSgt,2W0X1 Muns Systems,Precision Guided Missiles,available,Crew Chief,None,2024-05-30,2024-01-01,2027-05-05
"Edwards, Tatum",SSgt,2W0X1 Muns Systems,Precision Guided Missiles,available,None,None,2024-06-16,2023-12-12,2027-04-28
"Green, Blake",SSgt,2W0X1 Muns Systems,Precision Guided Missiles,available,None,None,2024-07-03,2023-11-22,2027-04-21
"Brooks, Cameron",SSgt,2W0X1 Muns Systems,Precision Guided Missiles,available,Inspector,None,2024-07-20,2023-11-02,2027-04-14
"Moore, Hunter",TSgt,2W0X1 Muns Systems,Percision Guided Missiles,available,Controller,None,2024-08-06,2023-10-13,2027-04-07
"Ramirez, Devon",TSgt,2W0X1 Muns Systems,Percision Guided Missiles,available,Crew Chief,None,2024-08-23,2023-09-23,2027-03-31
"Parker, Val",TSgt,2W0X1 Muns Systems,Percision Guided Missiles,available,None,None,2024-09-09,2023-09-03,2027-03-24
"Johnson, Taylor",MSgt,2W0X1 Muns Systems,Percision Guided Missiles,available,None,None,2024-09-26,2023-08-14,2027-03-17
"Adams, Lane",SrA,2W0X1 Muns Systems,Trailer Mx,available,None,None,2024-10-13,2023-07-25,2027-03-10
"Morris, Robin",A1C,2W0X1 Muns Systems,Trailer Mx,available,None,None,2024-10-30,2023-07-05,2027-03-03
"Miller, Kai",Amn,2W0X1 Muns Systems,Trailer Mx,available,Crew Chief,None,2024-11-16,2023-06-15,2027-02-24
"Evans, Hunter",SrA,2W0X1 Muns Systems,Trailer Mx,available,None,None,2024-12-03,2023-05-26,2027-02-17
"Sanchez, Logan",SrA,2W0X1 Muns Systems,Trailer Mx,available,None,None,2024-12-20,2023-05-06,2027-02-10
"Martin, Kendall",SrA,2W0X1 Muns Systems,Trailer Mx,available,None,None,2025-01-06,2023-04-16,2027-02-03
"Thompson, Drew",SSgt,2W0X1 Muns Systems,Trailer Mx,available,None,None,2025-01-23,2023-03-27,2027-01-27
"Powell, Corey",SSgt,2W0X1 Muns Systems,Trailer Mx,available,Crew Chief|Controller,None,2025-02-09,2023-03-07,2027-01-20
"Green, Kai",SSgt,2W0X1 Muns Systems,Trailer Mx,available,None,None,2025-02-26,2023-02-15,2027-01-13
"Peterson, Payton",TSgt,2W0X1 Muns Systems,Trailer Mx,available,None,None,2025-03-15,2023-01-26,2027-01-06
"Lewis, Harper",MSgt,2W0X1 Muns Systems,Trailer Mx,available,None,None,2025-04-01,2023-01-06,2026-12-30
"Ramirez, Mason",SMSgt,2W0X1 Muns Systems,Materiel Flight,available,None,None,2025-04-18,2022-12-17,2025-12-23
"Roberts, Shawn",SrA,2W0X1 Muns Systems,Munitions Operations,available,Crew Chief|Inspector,None,2025-05-05,2022-11-27,2025-12-16
"Hill, Kelly",SrA,2W0X1 Muns Systems,Munitions Operations,available,None,None,2025-05-22,2025-04-25,2028-05-27
"Gray, Corey",SrA,2W0X1 Muns Systems,Munitions Operations,available,None,None,2025-06-08,2025-04-05,2028-05-20
"King, Kelly",Amn,2W0X1 Muns Systems,Munitions Operations,available,None,None,2025-06-25,2025-03-16,2028-05-13
"Cruz, Oakley",SrA,2W0X1 Muns Systems,Munitions Operations,available,None,None,2025-07-12,2025-02-24,2028-05-06
"Long, Rowan",A1C,2W0X1 Muns Systems,Munitions Operations,available,Crew Chief,None,2025-07-29,2025-02-04,2028-04-29
"Ford, Jordan",A1C,2W0X1 Muns Systems,Munitions Operations,available,Controller,None,2025-08-15,2025-01-15,2028-04-22
"Jenkins, Dakota",SSgt,2W0X1 Muns Systems,Munitions Operations,available,None,None,2025-09-01,2024-12-26,2028-04-15
"Rivera, Terry",SSgt,2W0X1 Muns Systems,Munitions Operations,available,None,None,2025-09-18,2024-12-06,2028-04-08
"Parker, Jesse",SSgt,2W0X1 Muns Systems,Munitions Operations,available,None,None,2025-10-05,2024-11-16,2028-04-01
"Jenkins, Jamie",SSgt,2W0X1 Muns Systems,Munitions Operations,available,Crew Chief,None,2025-10-22,2024-10-27,2028-03-25
"Diaz, Lee",TSgt,2W0X1 Muns Systems,Munitions Operations,available,None,None,2025-11-08,2024-10-07,2028-03-18
"Howard, Reese",MSgt,2W0X1 Muns Systems,Munitions Operations,available,None,None,2025-11-25,2024-09-17,2028-03-11
"Campbell, Payton",MSgt,2W0X1 Muns Systems,Munitions Operations,available,None,None,2025-12-12,2024-08-28,2028-03-04
"Evans, Chris",A1C,2W0X1 Muns Systems,Stockpile Surveillance,available,None,None,2025-12-29,2024-08-08,2028-02-26
"Roberts, Corey",A1C,2W0X1 Muns Systems,Stockpile Surveillance,available,Crew Chief,None,2026-01-15,2024-07-19,2028-02-19
"Reed, Kai",SrA,2W0X1 Muns Systems,Stockpile Surveillance,available,None,None,2026-02-01,2024-06-29,2028-02-12
"Thompson, Shawn",SrA,2W0X1 Muns Systems,Stockpile Surveillance,available,Controller|Inspector,None,2026-02-18,2024-06-09,2028-02-05
"Robinson, Shawn",A1C,2W0X1 Muns Systems,Stockpile Surveillance,available,None,None,2026-03-07,2024-05-20,2028-01-29
"Jenkins, Phoenix",SrA,2W0X1 Muns Systems,Stockpile Surveillance,available,None,None,2024-01-14,2022-02-20,2025-11-13
"Smith, Jesse",SrA,2W0X1 Muns Systems,Stockpile Surveillance,available,Crew Chief,None,2024-01-31,2022-01-31,2025-11-06
"Kennedy, Shawn",A1C,2W0X1 Muns Systems,Stockpile Surveillance,available,None,None,2024-02-17,2022-01-11,2025-10-30
"King, Hayden",Amn,2W0X1 Muns Systems,Stockpile Surveillance,available,None,None,2024-03-05,2021-12-22,2025-10-23
"Miller, Micah",SrA,2W0X1 Muns Systems,Stockpile Surveillance,available,None,None,2024-03-22,2021-12-02,2025-10-16
"Flores, Jamie",Amn,2W0X1 Muns Systems,Stockpile Surveillance,available,None,None,2024-04-08,2021-11-12,2025-10-09
"Parker, Frankie",A1C,2W0X1 Muns Systems,Stockpile Surveillance,available,Crew Chief,None,2024-04-25,2024-04-10,2028-03-20
"Hill, Casey",A1C,2W0X1 Muns Systems,Stockpile Surveillance,available,None,None,2024-05-12,2024-03-21,2028-03-13
"Phillips, Noah",SrA,2W0X1 Muns Systems,Stockpile Surveillance,available,None,None,2024-05-29,2024-03-01,2027-03-07
"Powell, Morgan",SrA,2W0X1 Muns Systems,Stockpile Surveillance,available,Controller,None,2024-06-15,2024-02-10,2027-02-28
"Powell, Sawyer",A1C,2W0X1 Muns Systems,Stockpile Surveillance,available,None,None,2024-07-02,2024-01-21,2027-02-21
"Walker, Sawyer",Amn,2W0X1 Muns Systems,Stockpile Surveillance,available,Crew Chief,None,2024-07-19,2024-01-01,2027-02-14
"Adams, Elliot",SrA,2W0X1 Muns Systems,Stockpile Surveillance,available,None,None,2024-08-05,2023-12-12,2027-02-07
"Parker, Remy",SrA,2W0X1 Muns Systems,Stockpile Surveillance,available,None,None,2024-08-22,2023-11-22,2027-01-31
"Taylor, Jules",SrA,2W0X1 Muns Systems,Stockpile Surveillance,available,None,None,2024-09-08,2023-11-02,2027-01-24
"Ross, Rowan",A1C,2W0X1 Muns Systems,Stockpile Surveillance,available,Inspector,None,2024-09-25,2023-10-13,2027-01-17
"Ramirez, Jesse",SrA,2W0X1 Muns Systems,Stockpile Surveillance,available,Crew Chief,None,2024-10-12,2023-09-23,2027-01-10
"Parker, Noah",Amn,2W0X1 Muns Systems,Stockpile Surveillance,available,None,None,2024-10-29,2023-09-03,2027-01-03
"Gray, Phoenix",SrA,2W0X1 Muns Systems,Stockpile Surveillance,available,None,None,2024-11-15,2023-08-14,2026-12-27
"Fisher, Kai",SrA,2W0X1 Muns Systems,Stockpile Surveillance,available,None,None,2024-12-02,2023-07-25,2026-12-20
"Perez, Blake",Amn,2W0X1 Muns Systems,Stockpile Surveillance,available,Controller,None,2024-12-19,2023-07-05,2026-12-13
"Cooper, Bailey",Amn,2W0X1 Muns Systems,Stockpile Surveillance,available,Crew Chief,None,2025-01-05,2023-06-15,2026-12-06
"Flores, Sidney",SrA,2W0X1 Muns Systems,Stockpile Surveillance,available,None,None,2025-01-22,2023-05-26,2026-11-29
"Hall, Morgan",SrA,2W0X1 Muns Systems,Stockpile Surveillance,available,None,None,2025-02-08,2023-05-06,2026-11-22
"Nelson, Micah",SrA,2W0X1 Muns Systems,Stockpile Surveillance,available,None,None,2025-02-25,2023-04-16,2026-11-15
"Rivera, Micah",SSgt,2W0X1 Muns Systems,Stockpile Surveillance,available,None,None,2025-03-14,2023-03-27,2026-11-08
"Nelson, Finley",SSgt,2W0X1 Muns Systems,Stockpile Surveillance,available,Crew Chief,None,2025-03-31,2023-03-07,2026-11-01
"Johnson, Phoenix",SSgt,2W0X1 Muns Systems,Stockpile Surveillance,available,None,None,2025-04-17,2023-02-15,2026-10-25
"Robinson, Jordan",SSgt,2W0X1 Muns Systems,Stockpile Surveillance,available,None,None,2025-05-04,2023-01-26,2026-10-18
"Moore, Rowan",SSgt,2W0X1 Muns Systems,Stockpile Surveillance,available,None,None,2025-05-21,2023-01-06,2026-10-11
"Brown, Kris",SSgt,2W0X1 Muns Systems,Stockpile Surveillance,available,None,None,2025-06-07,2025-06-04,2029-03-22
"Baker, Kai",SSgt,2W0X1 Muns Systems,Stockpile Surveillance,available,Crew Chief|Controller,None,2025-06-24,2025-05-15,2029-03-15
"James, Drew",SSgt,2W0X1 Muns Systems,Stockpile Surveillance,available,Inspector,None,2025-07-11,2025-04-25,2029-03-08
"Edwards, Sage",SSgt,2W0X1 Muns Systems,Stockpile Surveillance,available,None,None,2025-07-28,2025-04-05,2029-03-01
"Roberts, Frankie",SSgt,2W0X1 Muns Systems,Stockpile Surveillance,available,None,None,2025-08-14,2025-03-16,2029-02-22
"Murphy, Quinn",SSgt,2W0X1 Muns Systems,Stockpile Surveillance,available,None,None,2025-08-31,2025-02-24,2029-02-15
"Gonzalez, Logan",SSgt,2W0X1 Muns Systems,Stockpile Surveillance,available,Crew Chief,None,2025-09-17,2025-02-04,2028-02-09
"Washington, Jordan",TSgt,2W0X1 Muns Systems,Stockpile Surveillance,available,None,None,2025-10-04,2025-01-15,2028-02-02
"Walker, Dylan",TSgt,2W0X1 Muns Systems,Stockpile Surveillance,available,None,None,2025-10-21,2024-12-26,2028-01-26
"Perez, Gray",TSgt,2W0X1 Muns Systems,Stockpile Surveillance,available,None,None,2025-11-07,2024-12-06,2028-01-19
"Collins, Blake",TSgt,2W0X1 Muns Systems,Stockpile Surveillance,available,None,None,2025-11-24,2024-11-16,2028-01-12
"Diaz, Frankie",MSgt,2W0X1 Muns Systems,Stockpile Surveillance,available,Crew Chief,None,2025-12-11,2024-10-27,2028-01-05
"White, Nico",SrA,2W0X1 Muns Systems,Inspection,available,Controller,None,2025-12-28,2024-10-07,2027-12-29
"Turner, Mason",Amn,2W0X1 Muns Systems,Inspection,available,None,None,2026-01-14,2024-09-17,2027-12-22
"Moore, Marley",Amn,2W0X1 Muns Systems,Inspection,available,None,None,2026-01-31,2024-08-28,2027-12-15
"Murphy, Casey",SrA,2W0X1 Muns Systems,Inspection,available,None,None,2026-02-17,2024-08-08,2027-12-08
"Anderson, Remy",SrA,2W0X1 Muns Systems,Inspection,available,Crew Chief,None,2026-03-06,2024-07-19,2027-12-01
"Ross, Cameron",SrA,2W0X1 Muns Systems,Inspection,available,None,None,2024-01-13,2022-04-21,2025-09-15
"Morris, Adrian",SSgt,2W0X1 Muns Systems,Inspection,available,None,None,2024-01-30,2022-04-01,2025-09-08
"Garcia, Robin",SSgt,2W0X1 Muns Systems,Inspection,available,Inspector,None,2024-02-16,2022-03-12,2025-09-01
"Smith, Bailey",SSgt,2W0X1 Muns Systems,Inspection,available,None,None,2024-03-04,2022-02-20,2025-08-25
"Taylor, Lee",TSgt,2W0X1 Muns Systems,Inspection,available,Crew Chief,None,2024-03-21,2022-01-31,2025-08-18
"Roberts, Robin",TSgt,2W0X1 Muns Systems,Inspection,available,None,None,2024-04-07,2022-01-11,2025-08-11
"Martin, Remy",MSgt,2W0X1 Muns Systems,Inspection,available,Controller,None,2024-04-24,2021-12-22,2025-08-04
"Cruz, Finley",SMSgt,2W0X1 Muns Systems,Systems Flight,available,None,None,2024-05-11,2021-12-02,2025-07-28
"Jenkins, Kris",SrA,2W0X1 Muns Systems,Munitions Control,available,None,None,2024-05-28,2024-04-30,2028-01-07
"Turner, Kai",SrA,2W0X1 Muns Systems,Munitions Control,available,Crew Chief,None,2024-06-14,2024-04-10,2027-12-31
"Mitchell, Jordan",SrA,2W0X1 Muns Systems,Munitions Control,available,None,None,2024-07-01,2024-03-21,2027-12-24
"Martin, Reese",SrA,2W0X1 Muns Systems,Munitions Control,available,None,None,2024-07-18,2024-03-01,2027-12-17
"Hill, Elliot",SrA,2W0X1 Muns Systems,Munitions Control,available,None,None,2024-08-04,2024-02-10,2027-12-10
"Mitchell, Finley",SrA,2W0X1 Muns Systems,Munitions Control,available,None,None,2024-08-21,2024-01-21,2027-12-03
"Smith, Skyler",SrA,2W0X1 Muns Systems,Munitions Control,available,Crew Chief,None,2024-09-07,2024-01-01,2027-11-26
"James, Hunter",Amn,2W0X1 Muns Systems,Munitions Control,available,None,None,2024-09-24,2023-12-12,2027-11-19
"Ross, Payton",SrA,2W0X1 Muns Systems,Munitions Control,available,None,None,2024-10-11,2023-11-22,2027-11-12
"Robinson, Bailey",A1C,2W0X1 Muns Systems,Munitions Control,available,Controller,None,2024-10-28,2023-11-02,2026-11-05
"Richardson, Mason",SrA,2W0X1 Muns Systems,Munitions Control,available,None,None,2024-11-14,2023-10-13,2026-10-29
"Cruz, Harper",SSgt,2W0X1 Muns Systems,Munitions Control,available,Crew Chief|Inspector,None,2024-12-01,2023-09-23,2026-10-22
"Peterson, Frankie",SSgt,2W0X1 Muns Systems,Munitions Control,available,None,None,2024-12-18,2023-09-03,2026-10-15
"Long, Corey",SSgt,2W0X1 Muns Systems,Munitions Control,available,None,None,2025-01-04,2023-08-14,2026-10-08
"Robinson, Payton",SSgt,2W0X1 Muns Systems,Munitions Control,available,None,None,2025-01-21,2023-07-25,2026-10-01
"Price, Jules",SSgt,2W0X1 Muns Systems,Munitions Control,available,None,None,2025-02-07,2023-07-05,2026-09-24
"Morgan, Frankie",SSgt,2W0X1 Muns Systems,Munitions Control,available,Crew Chief,None,2025-02-24,2023-06-15,2026-09-17
"Kelly, Logan",SSgt,2W0X1 Muns Systems,Munitions Control,available,None,None,2025-03-13,2023-05-26,2026-09-10
"Jackson, Avery",SSgt,2W0X1 Muns Systems,Munitions Control,available,None,None,2025-03-30,2023-05-06,2026-09-03
"Lopez, Avery",SSgt,2W0X1 Muns Systems,Munitions Control,available,None,None,2025-04-16,2023-04-16,2026-08-27
"Harris, Parker",SSgt,2W0X1 Muns Systems,Munitions Control,available,Controller,None,2025-05-03,2023-03-27,2026-08-20
"Kennedy, Hunter",SSgt,2W0X1 Muns Systems,Munitions Control,available,Crew Chief,None,2025-05-20,2023-03-07,2026-08-13
"Davis, Phoenix",TSgt,2W0X1 Muns Systems,Munitions Control,available,None,None,2025-06-06,2023-02-15,2026-08-06
"Lee, Rowan",TSgt,2W0X1 Muns Systems,Munitions Control,available,None,None,2025-06-23,2023-01-26,2026-07-30
"Green, Logan",TSgt,2W0X1 Muns Systems,Munitions Control,available,None,None,2025-07-10,2025-06-24,2029-01-08
"Taylor, Drew",TSgt,2W0X1 Muns Systems,Munitions Control,available,None,None,2025-07-27,2025-06-04,2029-01-01
"Brown, Morgan",MSgt,2W0X1 Muns Systems,Munitions Control,available,Crew Chief,None,2025-08-13,2025-05-15,2028-12-25
"Fisher, Adrian",SrA,2R2X1 Maint Mgmt,Plans & Scheduling,available,None,None,2025-08-30,2025-04-25,2028-12-18
"Diaz, Sidney",SrA,2R2X1 Maint Mgmt,Plans & Scheduling,available,Inspector,None,2025-09-16,2025-04-05,2028-12-11
"Walker, Harper",SSgt,2R2X1 Maint Mgmt,Plans & Scheduling,available,None,None,2025-10-03,2025-03-16,2028-12-04
"Rogers, Shawn",TSgt,2R2X1 Maint Mgmt,Plans & Scheduling,available,None,None,2025-10-20,2025-02-24,2028-11-27
"Johnson, Sidney",SrA,8U000 UTM,"Combat Plans, Training & Mobility",available,Crew Chief|Controller,None,2025-11-06,2025-02-04,2028-11-20
"Edwards, Oakley",SrA,8U000 UTM,"Combat Plans, Training & Mobility",available,None,None,2025-11-23,2025-01-15,2028-11-13
"Peterson, Jesse",SSgt,8U000 UTM,"Combat Plans, Training & Mobility",available,None,None,2025-12-10,2024-12-26,2028-11-06
"Walker, Adrian",TSgt,8U000 UTM,"Combat Plans, Training & Mobility",available,None,None,2025-12-27,2024-12-06,2028-10-30
"Garcia, Jamie",MSgt,8U000 UTM,"Combat Plans, Training & Mobility",available,None,None,2026-01-13,2024-11-16,2028-10-23
